Nome,classe,Instância,Fundo,Local,Turno,Repetição
1.jpeg,copo,1,marrom,interior,noite,1
2.jpeg,copo,1,marrom,interior,noite,2
3.jpeg,copo,1,marrom,interior,noite,3
4.jpeg,copo,2,marrom,interior,noite,1
5.jpeg,copo,2,marrom,interior,noite,2
6.jpeg,copo,2,marrom,interior,noite,3
7.jpeg,copo,3,marrom,interior,noite,1
8.jpeg,copo,3,marrom,interior,noite,2
9.jpeg,copo,3,marrom,interior,noite,3
10.jpeg,copo,1,madeira,interior,noite,1
11.jpeg,copo,1,madeira,interior,noite,2
12.jpeg,copo,1,madeira,interior,noite,3
13.jpeg,copo,2,madeira,interior,noite,1
14.jpeg,copo,2,madeira,interior,noite,2
15.jpeg,copo,2,madeira,interior,noite,3
16.jpeg,copo,3,madeira,interior,noite,1
17.jpeg,copo,3,madeira,interior,noite,2
18.jpeg,copo,3,madeira,interior,noite,3
19.jpeg,copo,1,vermelho,interior,noite,1
20.jpeg,copo,1,vermelho,interior,noite,2
21.jpeg,copo,1,vermelho,interior,noite,3
22.jpeg,copo,2,vermelho,interior,noite,1
23.jpeg,copo,2,vermelho,interior,noite,2
24.jpeg,copo,2,vermelho,interior,noite,3
25.jpeg,copo,3,vermelho,interior,noite,1
26.jpeg,copo,3,vermelho,interior,noite,2
27.jpeg,copo,3,vermelho,interior,noite,3
28.jpeg,copo,1,branco,exterior,noite,1
29.jpeg,copo,1,branco,exterior,noite,2
30.jpeg,copo,1,branco,exterior,noite,3
31.jpeg,copo,2,branco,exterior,noite,1
32.jpeg,copo,2,branco,exterior,noite,2
33.jpeg,copo,2,branco,exterior,noite,3
34.jpeg,copo,3,branco,exterior,noite,1
35.jpeg,copo,3,branco,exterior,noite,2
36.jpeg,copo,3,branco,exterior,noite,3
37.jpeg,copo,1,prateado,exterior,noite,1
38.jpeg,copo,1,prateado,exterior,noite,2
39.jpeg,copo,1,prateado,exterior,noite,3
40.jpeg,copo,2,prateado,exterior,noite,1
41.jpeg,copo,2,prateado,exterior,noite,2
42.jpeg,copo,2,prateado,exterior,noite,3
43.jpeg,copo,3,prateado,exterior,noite,1
44.jpeg,copo,3,prateado,exterior,noite,2
45.jpeg,copo,3,prateado,exterior,noite,3
46.jpeg,copo,1,colorido,exterior,noite,1
47.jpeg,copo,1,colorido,exterior,noite,2
48.jpeg,copo,1,colorido,exterior,noite,3
49.jpeg,copo,2,colorido,exterior,noite,1
50.jpeg,copo,2,colorido,exterior,noite,2
51.jpeg,copo,2,colorido,exterior,noite,3
52.jpeg,copo,3,colorido,exterior,noite,1
53.jpeg,copo,3,colorido,exterior,noite,2
54.jpeg,copo,3,colorido,exterior,noite,3
55.jpeg,livro,1,marrom,interior,noite,1
56.jpeg,livro,1,marrom,interior,noite,2
57.jpeg,livro,1,marrom,interior,noite,3
58.jpeg,livro,2,marrom,interior,noite,1
59.jpeg,livro,2,marrom,interior,noite,2
60.jpeg,livro,2,marrom,interior,noite,3
61.jpeg,livro,3,marrom,interior,noite,1
62.jpeg,livro,3,marrom,interior,noite,2
63.jpeg,livro,3,marrom,interior,noite,3
64.jpeg,livro,1,madeira,interior,noite,1
65.jpeg,livro,1,madeira,interior,noite,2
66.jpeg,livro,1,madeira,interior,noite,3
67.jpeg,livro,2,madeira,interior,noite,1
68.jpeg,livro,2,madeira,interior,noite,2
69.jpeg,livro,2,madeira,interior,noite,3
70.jpeg,livro,3,madeira,interior,noite,1
71.jpeg,livro,3,madeira,interior,noite,2
72.jpeg,livro,3,madeira,interior,noite,3
73.jpeg,livro,1,vermelho,interior,noite,1
74.jpeg,livro,1,vermelho,interior,noite,2
75.jpeg,livro,1,vermelho,interior,noite,3
76.jpeg,livro,2,vermelho,interior,noite,1
77.jpeg,livro,2,vermelho,interior,noite,2
78.jpeg,livro,2,vermelho,interior,noite,3
79.jpeg,livro,3,vermelho,interior,noite,1
80.jpeg,livro,3,vermelho,interior,noite,2
81.jpeg,livro,3,vermelho,interior,noite,3
82.jpeg,livro,1,branco,exterior,noite,1
83.jpeg,livro,1,branco,exterior,noite,2
84.jpeg,livro,1,branco,exterior,noite,3
85.jpeg,livro,2,branco,exterior,noite,1
86.jpeg,livro,2,branco,exterior,noite,2
87.jpeg,livro,2,branco,exterior,noite,3
88.jpeg,livro,3,branco,exterior,noite,1
89.jpeg,livro,3,branco,exterior,noite,2
90.jpeg,livro,3,branco,exterior,noite,3
91.jpeg,livro,1,prateado,exterior,noite,1
92.jpeg,livro,1,prateado,exterior,noite,2
93.jpeg,livro,1,prateado,exterior,noite,3
94.jpeg,livro,2,prateado,exterior,noite,1
95.jpeg,livro,2,prateado,exterior,noite,2
96.jpeg,livro,2,prateado,exterior,noite,3
97.jpeg,livro,3,prateado,exterior,noite,1
98.jpeg,livro,3,prateado,exterior,noite,2
99.jpeg,livro,3,prateado,exterior,noite,3
100.jpeg,livro,1,colorido,exterior,noite,1
101.jpeg,livro,1,colorido,exterior,noite,2
102.jpeg,livro,1,colorido,exterior,noite,3
103.jpeg,livro,2,colorido,exterior,noite,1
104.jpeg,livro,2,colorido,exterior,noite,2
105.jpeg,livro,2,colorido,exterior,noite,3
106.jpeg,livro,3,colorido,exterior,noite,1
107.jpeg,livro,3,colorido,exterior,noite,2
108.jpeg,livro,3,colorido,exterior,noite,3
109.jpeg,caneta,1,marrom,interior,noite,1
110.jpeg,caneta,1,marrom,interior,noite,2
111.jpeg,caneta,1,marrom,interior,noite,3
112.jpeg,caneta,2,marrom,interior,noite,1
113.jpeg,caneta,2,marrom,interior,noite,2
114.jpeg,caneta,2,marrom,interior,noite,3
115.jpeg,caneta,3,marrom,interior,noite,1
116.jpeg,caneta,3,marrom,interior,noite,2
117.jpeg,caneta,3,marrom,interior,noite,3
118.jpeg,caneta,1,madeira,interior,noite,1
119.jpeg,caneta,1,madeira,interior,noite,2
120.jpeg,caneta,1,madeira,interior,noite,3
121.jpeg,caneta,2,madeira,interior,noite,1
122.jpeg,caneta,2,madeira,interior,noite,2
123.jpeg,caneta,2,madeira,interior,noite,3
124.jpeg,caneta,3,madeira,interior,noite,1
125.jpeg,caneta,3,madeira,interior,noite,2
126.jpeg,caneta,3,madeira,interior,noite,3
127.jpeg,caneta,1,vermelho,interior,noite,1
128.jpeg,caneta,1,vermelho,interior,noite,2
129.jpeg,caneta,1,vermelho,interior,noite,3
130.jpeg,caneta,2,vermelho,interior,noite,1
131.jpeg,caneta,2,vermelho,interior,noite,2
132.jpeg,caneta,2,vermelho,interior,noite,3
133.jpeg,caneta,3,vermelho,interior,noite,1
134.jpeg,caneta,3,vermelho,interior,noite,2
135.jpeg,caneta,3,vermelho,interior,noite,3
136.jpeg,caneta,1,branco,exterior,noite,1
137.jpeg,caneta,1,branco,exterior,noite,2
138.jpeg,caneta,1,branco,exterior,noite,3
139.jpeg,caneta,2,branco,exterior,noite,1
140.jpeg,caneta,2,branco,exterior,noite,2
141.jpeg,caneta,2,branco,exterior,noite,3
142.jpeg,caneta,3,branco,exterior,noite,1
143.jpeg,caneta,3,branco,exterior,noite,2
144.jpeg,caneta,3,branco,exterior,noite,3
145.jpeg,caneta,1,prateado,exterior,noite,1
146.jpeg,caneta,1,prateado,exterior,noite,2
147.jpeg,caneta,1,prateado,exterior,noite,3
148.jpeg,caneta,2,prateado,exterior,noite,1
149.jpeg,caneta,2,prateado,exterior,noite,2
150.jpeg,caneta,2,prateado,exterior,noite,3
151.jpeg,caneta,3,prateado,exterior,noite,1
152.jpeg,caneta,3,prateado,exterior,noite,2
153.jpeg,caneta,3,prateado,exterior,noite,3
154.jpeg,caneta,1,colorido,exterior,noite,1
155.jpeg,caneta,1,colorido,exterior,noite,2
156.jpeg,caneta,1,colorido,exterior,noite,3
157.jpeg,caneta,2,colorido,exterior,noite,1
158.jpeg,caneta,2,colorido,exterior,noite,2
159.jpeg,caneta,2,colorido,exterior,noite,3
160.jpeg,caneta,3,colorido,exterior,noite,1
161.jpeg,caneta,3,colorido,exterior,noite,2
162.jpeg,caneta,3,colorido,exterior,noite,3
163.jpeg,colher,1,marrom,interior,noite,1
164.jpeg,colher,1,marrom,interior,noite,2
165.jpeg,colher,1,marrom,interior,noite,3
166.jpeg,colher,2,marrom,interior,noite,1
167.jpeg,colher,2,marrom,interior,noite,2
168.jpeg,colher,2,marrom,interior,noite,3
169.jpeg,colher,3,marrom,interior,noite,1
170.jpeg,colher,3,marrom,interior,noite,2
171.jpeg,colher,3,marrom,interior,noite,3
172.jpeg,colher,1,madeira,interior,noite,1
173.jpeg,colher,1,madeira,interior,noite,2
174.jpeg,colher,1,madeira,interior,noite,3
175.jpeg,colher,2,madeira,interior,noite,1
176.jpeg,colher,2,madeira,interior,noite,2
177.jpeg,colher,2,madeira,interior,noite,3
178.jpeg,colher,3,madeira,interior,noite,1
179.jpeg,colher,3,madeira,interior,noite,2
180.jpeg,colher,3,madeira,interior,noite,3
181.jpeg,colher,1,vermelho,interior,noite,1
182.jpeg,colher,1,vermelho,interior,noite,2
183.jpeg,colher,1,vermelho,interior,noite,3
184.jpeg,colher,2,vermelho,interior,noite,1
185.jpeg,colher,2,vermelho,interior,noite,2
186.jpeg,colher,2,vermelho,interior,noite,3
187.jpeg,colher,3,vermelho,interior,noite,1
188.jpeg,colher,3,vermelho,interior,noite,2
189.jpeg,colher,3,vermelho,interior,noite,3
190.jpeg,colher,1,branco,exterior,noite,1
191.jpeg,colher,1,branco,exterior,noite,2
192.jpeg,colher,1,branco,exterior,noite,3
193.jpeg,colher,2,branco,exterior,noite,1
194.jpeg,colher,2,branco,exterior,noite,2
195.jpeg,colher,2,branco,exterior,noite,3
196.jpeg,colher,3,branco,exterior,noite,1
197.jpeg,colher,3,branco,exterior,noite,2
198.jpeg,colher,3,branco,exterior,noite,3
199.jpeg,colher,1,prateado,exterior,noite,1
200.jpeg,colher,1,prateado,exterior,noite,2
201.jpeg,colher,1,prateado,exterior,noite,3
202.jpeg,colher,2,prateado,exterior,noite,1
203.jpeg,colher,2,prateado,exterior,noite,2
204.jpeg,colher,2,prateado,exterior,noite,3
205.jpeg,colher,3,prateado,exterior,noite,1
206.jpeg,colher,3,prateado,exterior,noite,2
207.jpeg,colher,3,prateado,exterior,noite,3
208.jpeg,colher,1,colorido,exterior,noite,1
209.jpeg,colher,1,colorido,exterior,noite,2
210.jpeg,colher,1,colorido,exterior,noite,3
211.jpeg,colher,2,colorido,exterior,noite,1
212.jpeg,colher,2,colorido,exterior,noite,2
213.jpeg,colher,2,colorido,exterior,noite,3
214.jpeg,colher,3,colorido,exterior,noite,1
215.jpeg,colher,3,colorido,exterior,noite,2
216.jpeg,colher,3,colorido,exterior,noite,3
217.jpeg,chinelo,1,marrom,interior,noite,1
218.jpeg,chinelo,1,marrom,interior,noite,2
219.jpeg,chinelo,1,marrom,interior,noite,3
220.jpeg,chinelo,2,marrom,interior,noite,1
221.jpeg,chinelo,2,marrom,interior,noite,2
222.jpeg,chinelo,2,marrom,interior,noite,3
223.jpeg,chinelo,3,marrom,interior,noite,1
224.jpeg,chinelo,3,marrom,interior,noite,2
225.jpeg,chinelo,3,marrom,interior,noite,3
226.jpeg,chinelo,1,madeira,interior,noite,1
227.jpeg,chinelo,1,madeira,interior,noite,2
228.jpeg,chinelo,1,madeira,interior,noite,3
229.jpeg,chinelo,2,madeira,interior,noite,1
230.jpeg,chinelo,2,madeira,interior,noite,2
231.jpeg,chinelo,2,madeira,interior,noite,3
232.jpeg,chinelo,3,madeira,interior,noite,1
233.jpeg,chinelo,3,madeira,interior,noite,2
234.jpeg,chinelo,3,madeira,interior,noite,3
235.jpeg,chinelo,1,vermelho,interior,noite,1
236.jpeg,chinelo,1,vermelho,interior,noite,2
237.jpeg,chinelo,1,vermelho,interior,noite,3
238.jpeg,chinelo,2,vermelho,interior,noite,1
239.jpeg,chinelo,2,vermelho,interior,noite,2
240.jpeg,chinelo,2,vermelho,interior,noite,3
241.jpeg,chinelo,3,vermelho,interior,noite,1
242.jpeg,chinelo,3,vermelho,interior,noite,2
243.jpeg,chinelo,3,vermelho,interior,noite,3
244.jpeg,chinelo,1,branco,exterior,noite,1
245.jpeg,chinelo,1,branco,exterior,noite,2
246.jpeg,chinelo,1,branco,exterior,noite,3
247.jpeg,chinelo,2,branco,exterior,noite,1
248.jpeg,chinelo,2,branco,exterior,noite,2
249.jpeg,chinelo,2,branco,exterior,noite,3
250.jpeg,chinelo,3,branco,exterior,noite,1
251.jpeg,chinelo,3,branco,exterior,noite,2
252.jpeg,chinelo,3,branco,exterior,noite,3
253.jpeg,chinelo,1,prateado,exterior,noite,1
254.jpeg,chinelo,1,prateado,exterior,noite,2
255.jpeg,chinelo,1,prateado,exterior,noite,3
256.jpeg,chinelo,2,prateado,exterior,noite,1
257.jpeg,chinelo,2,prateado,exterior,noite,2
258.jpeg,chinelo,2,prateado,exterior,noite,3
259.jpeg,chinelo,3,prateado,exterior,noite,1
260.jpeg,chinelo,3,prateado,exterior,noite,2
261.jpeg,chinelo,3,prateado,exterior,noite,3
262.jpeg,chinelo,1,colorido,exterior,noite,1
263.jpeg,chinelo,1,colorido,exterior,noite,2
264.jpeg,chinelo,1,colorido,exterior,noite,3
265.jpeg,chinelo,2,colorido,exterior,noite,1
266.jpeg,chinelo,2,colorido,exterior,noite,2
267.jpeg,chinelo,2,colorido,exterior,noite,3
268.jpeg,chinelo,3,colorido,exterior,noite,1
269.jpeg,chinelo,3,colorido,exterior,noite,2
270.jpeg,chinelo,3,colorido,exterior,noite,3
271.jpeg,copo,1,marrom,interior,dia,1
272.jpeg,copo,1,marrom,interior,dia,2
273.jpeg,copo,1,marrom,interior,dia,3
274.jpeg,copo,2,marrom,interior,dia,1
275.jpeg,copo,2,marrom,interior,dia,2
276.jpeg,copo,2,marrom,interior,dia,3
277.jpeg,copo,3,marrom,interior,dia,1
278.jpeg,copo,3,marrom,interior,dia,2
279.jpeg,copo,3,marrom,interior,dia,3
280.jpeg,copo,1,madeira,interior,dia,1
281.jpeg,copo,1,madeira,interior,dia,2
282.jpeg,copo,1,madeira,interior,dia,3
283.jpeg,copo,2,madeira,interior,dia,1
284.jpeg,copo,2,madeira,interior,dia,2
285.jpeg,copo,2,madeira,interior,dia,3
286.jpeg,copo,3,madeira,interior,dia,1
287.jpeg,copo,3,madeira,interior,dia,2
288.jpeg,copo,3,madeira,interior,dia,3
289.jpeg,copo,1,vermelho,interior,dia,1
290.jpeg,copo,1,vermelho,interior,dia,2
291.jpeg,copo,1,vermelho,interior,dia,3
292.jpeg,copo,2,vermelho,interior,dia,1
293.jpeg,copo,2,vermelho,interior,dia,2
294.jpeg,copo,2,vermelho,interior,dia,3
295.jpeg,copo,3,vermelho,interior,dia,1
296.jpeg,copo,3,vermelho,interior,dia,2
297.jpeg,copo,3,vermelho,interior,dia,3
298.jpeg,copo,1,branco,exterior,dia,1
299.jpeg,copo,1,branco,exterior,dia,2
300.jpeg,copo,1,branco,exterior,dia,3
301.jpeg,copo,2,branco,exterior,dia,1
302.jpeg,copo,2,branco,exterior,dia,2
303.jpeg,copo,2,branco,exterior,dia,3
304.jpeg,copo,3,branco,exterior,dia,1
305.jpeg,copo,3,branco,exterior,dia,2
306.jpeg,copo,3,branco,exterior,dia,3
307.jpeg,copo,1,prateado,exterior,dia,1
308.jpeg,copo,1,prateado,exterior,dia,2
309.jpeg,copo,1,prateado,exterior,dia,3
310.jpeg,copo,2,prateado,exterior,dia,1
311.jpeg,copo,2,prateado,exterior,dia,2
312.jpeg,copo,2,prateado,exterior,dia,3
313.jpeg,copo,3,prateado,exterior,dia,1
314.jpeg,copo,3,prateado,exterior,dia,2
315.jpeg,copo,3,prateado,exterior,dia,3
316.jpeg,copo,1,colorido,exterior,dia,1
317.jpeg,copo,1,colorido,exterior,dia,2
318.jpeg,copo,1,colorido,exterior,dia,3
319.jpeg,copo,2,colorido,exterior,dia,1
320.jpeg,copo,2,colorido,exterior,dia,2
321.jpeg,copo,2,colorido,exterior,dia,3
322.jpeg,copo,3,colorido,exterior,dia,1
323.jpeg,copo,3,colorido,exterior,dia,2
324.jpeg,copo,3,colorido,exterior,dia,3
325.jpeg,livro,1,marrom,interior,dia,1
326.jpeg,livro,1,marrom,interior,dia,2
327.jpeg,livro,1,marrom,interior,dia,3
328.jpeg,livro,2,marrom,interior,dia,1
329.jpeg,livro,2,marrom,interior,dia,2
330.jpeg,livro,2,marrom,interior,dia,3
331.jpeg,livro,3,marrom,interior,dia,1
332.jpeg,livro,3,marrom,interior,dia,2
333.jpeg,livro,3,marrom,interior,dia,3
334.jpeg,livro,1,madeira,interior,dia,1
335.jpeg,livro,1,madeira,interior,dia,2
336.jpeg,livro,1,madeira,interior,dia,3
337.jpeg,livro,2,madeira,interior,dia,1
338.jpeg,livro,2,madeira,interior,dia,2
339.jpeg,livro,2,madeira,interior,dia,3
340.jpeg,livro,3,madeira,interior,dia,1
341.jpeg,livro,3,madeira,interior,dia,2
342.jpeg,livro,3,madeira,interior,dia,3
343.jpeg,livro,1,vermelho,interior,dia,1
344.jpeg,livro,1,vermelho,interior,dia,2
345.jpeg,livro,1,vermelho,interior,dia,3
346.jpeg,livro,2,vermelho,interior,dia,1
347.jpeg,livro,2,vermelho,interior,dia,2
348.jpeg,livro,2,vermelho,interior,dia,3
349.jpeg,livro,3,vermelho,interior,dia,1
350.jpeg,livro,3,vermelho,interior,dia,2
351.jpeg,livro,3,vermelho,interior,dia,3
352.jpeg,livro,1,branco,exterior,dia,1
353.jpeg,livro,1,branco,exterior,dia,2
354.jpeg,livro,1,branco,exterior,dia,3
355.jpeg,livro,2,branco,exterior,dia,1
356.jpeg,livro,2,branco,exterior,dia,2
357.jpeg,livro,2,branco,exterior,dia,3
358.jpeg,livro,3,branco,exterior,dia,1
359.jpeg,livro,3,branco,exterior,dia,2
360.jpeg,livro,3,branco,exterior,dia,3
361.jpeg,livro,1,prateado,exterior,dia,1
362.jpeg,livro,1,prateado,exterior,dia,2
363.jpeg,livro,1,prateado,exterior,dia,3
364.jpeg,livro,2,prateado,exterior,dia,1
365.jpeg,livro,2,prateado,exterior,dia,2
366.jpeg,livro,2,prateado,exterior,dia,3
367.jpeg,livro,3,prateado,exterior,dia,1
368.jpeg,livro,3,prateado,exterior,dia,2
369.jpeg,livro,3,prateado,exterior,dia,3
370.jpeg,livro,1,colorido,exterior,dia,1
371.jpeg,livro,1,colorido,exterior,dia,2
372.jpeg,livro,1,colorido,exterior,dia,3
373.jpeg,livro,2,colorido,exterior,dia,1
374.jpeg,livro,2,colorido,exterior,dia,2
375.jpeg,livro,2,colorido,exterior,dia,3
376.jpeg,livro,3,colorido,exterior,dia,1
377.jpeg,livro,3,colorido,exterior,dia,2
378.jpeg,livro,3,colorido,exterior,dia,3
379.jpeg,caneta,1,marrom,interior,dia,1
380.jpeg,caneta,1,marrom,interior,dia,2
381.jpeg,caneta,1,marrom,interior,dia,3
382.jpeg,caneta,2,marrom,interior,dia,1
383.jpeg,caneta,2,marrom,interior,dia,2
384.jpeg,caneta,2,marrom,interior,dia,3
385.jpeg,caneta,3,marrom,interior,dia,1
386.jpeg,caneta,3,marrom,interior,dia,2
387.jpeg,caneta,3,marrom,interior,dia,3
388.jpeg,caneta,1,madeira,interior,dia,1
389.jpeg,caneta,1,madeira,interior,dia,2
390.jpeg,caneta,1,madeira,interior,dia,3
391.jpeg,caneta,2,madeira,interior,dia,1
392.jpeg,caneta,2,madeira,interior,dia,2
393.jpeg,caneta,2,madeira,interior,dia,3
394.jpeg,caneta,3,madeira,interior,dia,1
395.jpeg,caneta,3,madeira,interior,dia,2
396.jpeg,caneta,3,madeira,interior,dia,3
397.jpeg,caneta,1,vermelho,interior,dia,1
398.jpeg,caneta,1,vermelho,interior,dia,2
399.jpeg,caneta,1,vermelho,interior,dia,3
400.jpeg,caneta,2,vermelho,interior,dia,1
401.jpeg,caneta,2,vermelho,interior,dia,2
402.jpeg,caneta,2,vermelho,interior,dia,3
403.jpeg,caneta,3,vermelho,interior,dia,1
404.jpeg,caneta,3,vermelho,interior,dia,2
405.jpeg,caneta,3,vermelho,interior,dia,3
406.jpeg,caneta,1,branco,exterior,dia,1
407.jpeg,caneta,1,branco,exterior,dia,2
408.jpeg,caneta,1,branco,exterior,dia,3
409.jpeg,caneta,2,branco,exterior,dia,1
410.jpeg,caneta,2,branco,exterior,dia,2
411.jpeg,caneta,2,branco,exterior,dia,3
412.jpeg,caneta,3,branco,exterior,dia,1
413.jpeg,caneta,3,branco,exterior,dia,2
414.jpeg,caneta,3,branco,exterior,dia,3
415.jpeg,caneta,1,prateado,exterior,dia,1
416.jpeg,caneta,1,prateado,exterior,dia,2
417.jpeg,caneta,1,prateado,exterior,dia,3
418.jpeg,caneta,2,prateado,exterior,dia,1
419.jpeg,caneta,2,prateado,exterior,dia,2
420.jpeg,caneta,2,prateado,exterior,dia,3
421.jpeg,caneta,3,prateado,exterior,dia,1
422.jpeg,caneta,3,prateado,exterior,dia,2
423.jpeg,caneta,3,prateado,exterior,dia,3
424.jpeg,caneta,1,colorido,exterior,dia,1
425.jpeg,caneta,1,colorido,exterior,dia,2
426.jpeg,caneta,1,colorido,exterior,dia,3
427.jpeg,caneta,2,colorido,exterior,dia,1
428.jpeg,caneta,2,colorido,exterior,dia,2
429.jpeg,caneta,2,colorido,exterior,dia,3
430.jpeg,caneta,3,colorido,exterior,dia,1
431.jpeg,caneta,3,colorido,exterior,dia,2
432.jpeg,caneta,3,colorido,exterior,dia,3
433.jpeg,colher,1,marrom,interior,dia,1
434.jpeg,colher,1,marrom,interior,dia,2
435.jpeg,colher,1,marrom,interior,dia,3
436.jpeg,colher,2,marrom,interior,dia,1
437.jpeg,colher,2,marrom,interior,dia,2
438.jpeg,colher,2,marrom,interior,dia,3
439.jpeg,colher,3,marrom,interior,dia,1
440.jpeg,colher,3,marrom,interior,dia,2
441.jpeg,colher,3,marrom,interior,dia,3
442.jpeg,colher,1,madeira,interior,dia,1
443.jpeg,colher,1,madeira,interior,dia,2
444.jpeg,colher,1,madeira,interior,dia,3
445.jpeg,colher,2,madeira,interior,dia,1
446.jpeg,colher,2,madeira,interior,dia,2
447.jpeg,colher,2,madeira,interior,dia,3
448.jpeg,colher,3,madeira,interior,dia,1
449.jpeg,colher,3,madeira,interior,dia,2
450.jpeg,colher,3,madeira,interior,dia,3
451.jpeg,colher,1,vermelho,interior,dia,1
452.jpeg,colher,1,vermelho,interior,dia,2
453.jpeg,colher,1,vermelho,interior,dia,3
454.jpeg,colher,2,vermelho,interior,dia,1
455.jpeg,colher,2,vermelho,interior,dia,2
456.jpeg,colher,2,vermelho,interior,dia,3
457.jpeg,colher,3,vermelho,interior,dia,1
458.jpeg,colher,3,vermelho,interior,dia,2
459.jpeg,colher,3,vermelho,interior,dia,3
460.jpeg,colher,1,branco,exterior,dia,1
461.jpeg,colher,1,branco,exterior,dia,2
462.jpeg,colher,1,branco,exterior,dia,3
463.jpeg,colher,2,branco,exterior,dia,1
464.jpeg,colher,2,branco,exterior,dia,2
465.jpeg,colher,2,branco,exterior,dia,3
466.jpeg,colher,3,branco,exterior,dia,1
467.jpeg,colher,3,branco,exterior,dia,2
468.jpeg,colher,3,branco,exterior,dia,3
469.jpeg,colher,1,prateado,exterior,dia,1
470.jpeg,colher,1,prateado,exterior,dia,2
471.jpeg,colher,1,prateado,exterior,dia,3
472.jpeg,colher,2,prateado,exterior,dia,1
473.jpeg,colher,2,prateado,exterior,dia,2
474.jpeg,colher,2,prateado,exterior,dia,3
475.jpeg,colher,3,prateado,exterior,dia,1
476.jpeg,colher,3,prateado,exterior,dia,2
477.jpeg,colher,3,prateado,exterior,dia,3
478.jpeg,colher,1,colorido,exterior,dia,1
479.jpeg,colher,1,colorido,exterior,dia,2
480.jpeg,colher,1,colorido,exterior,dia,3
481.jpeg,colher,2,colorido,exterior,dia,1
482.jpeg,colher,2,colorido,exterior,dia,2
483.jpeg,colher,2,colorido,exterior,dia,3
484.jpeg,colher,3,colorido,exterior,dia,1
485.jpeg,colher,3,colorido,exterior,dia,2
486.jpeg,colher,3,colorido,exterior,dia,3
487.jpeg,chinelo,1,marrom,interior,dia,1
488.jpeg,chinelo,1,marrom,interior,dia,2
489.jpeg,chinelo,1,marrom,interior,dia,3
490.jpeg,chinelo,2,marrom,interior,dia,1
491.jpeg,chinelo,2,marrom,interior,dia,2
492.jpeg,chinelo,2,marrom,interior,dia,3
493.jpeg,chinelo,3,marrom,interior,dia,1
494.jpeg,chinelo,3,marrom,interior,dia,2
495.jpeg,chinelo,3,marrom,interior,dia,3
496.jpeg,chinelo,1,madeira,interior,dia,1
497.jpeg,chinelo,1,madeira,interior,dia,2
498.jpeg,chinelo,1,madeira,interior,dia,3
499.jpeg,chinelo,2,madeira,interior,dia,1
500.jpeg,chinelo,2,madeira,interior,dia,2
501.jpeg,chinelo,2,madeira,interior,dia,3
502.jpeg,chinelo,3,madeira,interior,dia,1
503.jpeg,chinelo,3,madeira,interior,dia,2
504.jpeg,chinelo,3,madeira,interior,dia,3
505.jpeg,chinelo,1,vermelho,interior,dia,1
506.jpeg,chinelo,1,vermelho,interior,dia,2
507.jpeg,chinelo,1,vermelho,interior,dia,3
508.jpeg,chinelo,2,vermelho,interior,dia,1
509.jpeg,chinelo,2,vermelho,interior,dia,2
510.jpeg,chinelo,2,vermelho,interior,dia,3
511.jpeg,chinelo,3,vermelho,interior,dia,1
512.jpeg,chinelo,3,vermelho,interior,dia,2
513.jpeg,chinelo,3,vermelho,interior,dia,3
514.jpeg,chinelo,1,branco,exterior,dia,1
515.jpeg,chinelo,1,branco,exterior,dia,2
516.jpeg,chinelo,1,branco,exterior,dia,3
517.jpeg,chinelo,2,branco,exterior,dia,1
518.jpeg,chinelo,2,branco,exterior,dia,2
519.jpeg,chinelo,2,branco,exterior,dia,3
520.jpeg,chinelo,3,branco,exterior,dia,1
521.jpeg,chinelo,3,branco,exterior,dia,2
522.jpeg,chinelo,3,branco,exterior,dia,3
523.jpeg,chinelo,1,prateado,exterior,dia,1
524.jpeg,chinelo,1,prateado,exterior,dia,2
525.jpeg,chinelo,1,prateado,exterior,dia,3
526.jpeg,chinelo,2,prateado,exterior,dia,1
527.jpeg,chinelo,2,prateado,exterior,dia,2
528.jpeg,chinelo,2,prateado,exterior,dia,3
529.jpeg,chinelo,3,prateado,exterior,dia,1
530.jpeg,chinelo,3,prateado,exterior,dia,2
531.jpeg,chinelo,3,prateado,exterior,dia,3
532.jpeg,chinelo,1,colorido,exterior,dia,1
533.jpeg,chinelo,1,colorido,exterior,dia,2
534.jpeg,chinelo,1,colorido,exterior,dia,3
535.jpeg,chinelo,2,colorido,exterior,dia,1
536.jpeg,chinelo,2,colorido,exterior,dia,2
537.jpeg,chinelo,2,colorido,exterior,dia,3
538.jpeg,chinelo,3,colorido,exterior,dia,1
539.jpeg,chinelo,3,colorido,exterior,dia,2
540.jpeg,chinelo,3,colorido,exterior,dia,3
541.jpeg,chave,1,preto,interior,noite,1
542.jpeg,chave,1,preto,interior,noite,2
543.jpeg,chave,1,preto,interior,noite,3
544.jpeg,chave,2,preto,interior,noite,1
545.jpeg,chave,2,preto,interior,noite,2
546.jpeg,chave,2,preto,interior,noite,3
547.jpeg,chave,3,preto,interior,noite,1
548.jpeg,chave,3,preto,interior,noite,2
549.jpeg,chave,3,preto,interior,noite,3
550.jpeg,chave,1,azul,interior,noite,1
551.jpeg,chave,1,azul,interior,noite,2
552.jpeg,chave,1,azul,interior,noite,3
553.jpeg,chave,2,azul,interior,noite,1
554.jpeg,chave,2,azul,interior,noite,2
555.jpeg,chave,2,azul,interior,noite,3
556.jpeg,chave,3,azul,interior,noite,1
557.jpeg,chave,3,azul,interior,noite,2
558.jpeg,chave,3,azul,interior,noite,3
559.jpeg,chave,1,prata,interior,noite,1
560.jpeg,chave,1,prata,interior,noite,2
561.jpeg,chave,1,prata,interior,noite,3
562.jpeg,chave,2,prata,interior,noite,1
563.jpeg,chave,2,prata,interior,noite,2
564.jpeg,chave,2,prata,interior,noite,3
565.jpeg,chave,3,prata,interior,noite,1
566.jpeg,chave,3,prata,interior,noite,2
567.jpeg,chave,3,prata,interior,noite,3
568.jpeg,chave,1,verniz,exterior,noite,1
569.jpeg,chave,1,verniz,exterior,noite,2
570.jpeg,chave,1,verniz,exterior,noite,3
571.jpeg,chave,2,verniz,exterior,noite,1
572.jpeg,chave,2,verniz,exterior,noite,2
573.jpeg,chave,2,verniz,exterior,noite,3
574.jpeg,chave,3,verniz,exterior,noite,1
575.jpeg,chave,3,verniz,exterior,noite,2
576.jpeg,chave,3,verniz,exterior,noite,3
577.jpeg,chave,1,ceramica,exterior,noite,1
578.jpeg,chave,1,ceramica,exterior,noite,2
579.jpeg,chave,1,ceramica,exterior,noite,3
580.jpeg,chave,2,ceramica,exterior,noite,1
581.jpeg,chave,2,ceramica,exterior,noite,2
582.jpeg,chave,2,ceramica,exterior,noite,3
583.jpeg,chave,3,ceramica,exterior,noite,1
584.jpeg,chave,3,ceramica,exterior,noite,2
585.jpeg,chave,3,ceramica,exterior,noite,3
586.jpeg,chave,1,concreto,exterior,noite,1
587.jpeg,chave,1,concreto,exterior,noite,2
588.jpeg,chave,1,concreto,exterior,noite,3
589.jpeg,chave,2,concreto,exterior,noite,1
590.jpeg,chave,2,concreto,exterior,noite,2
591.jpeg,chave,2,concreto,exterior,noite,3
592.jpeg,chave,3,concreto,exterior,noite,1
593.jpeg,chave,3,concreto,exterior,noite,2
594.jpeg,chave,3,concreto,exterior,noite,3
595.jpeg,garfo,1,preto,interior,noite,1
596.jpeg,garfo,1,preto,interior,noite,2
597.jpeg,garfo,1,preto,interior,noite,3
598.jpeg,garfo,2,preto,interior,noite,1
599.jpeg,garfo,2,preto,interior,noite,2
600.jpeg,garfo,2,preto,interior,noite,3
601.jpeg,garfo,3,preto,interior,noite,1
602.jpeg,garfo,3,preto,interior,noite,2
603.jpeg,garfo,3,preto,interior,noite,3
604.jpeg,garfo,1,azul,interior,noite,1
605.jpeg,garfo,1,azul,interior,noite,2
606.jpeg,garfo,1,azul,interior,noite,3
607.jpeg,garfo,2,azul,interior,noite,1
608.jpeg,garfo,2,azul,interior,noite,2
609.jpeg,garfo,2,azul,interior,noite,3
610.jpeg,garfo,3,azul,interior,noite,1
611.jpeg,garfo,3,azul,interior,noite,2
612.jpeg,garfo,3,azul,interior,noite,3
613.jpeg,garfo,1,prata,interior,noite,1
614.jpeg,garfo,1,prata,interior,noite,2
615.jpeg,garfo,1,prata,interior,noite,3
616.jpeg,garfo,2,prata,interior,noite,1
617.jpeg,garfo,2,prata,interior,noite,2
618.jpeg,garfo,2,prata,interior,noite,3
619.jpeg,garfo,3,prata,interior,noite,1
620.jpeg,garfo,3,prata,interior,noite,2
621.jpeg,garfo,3,prata,interior,noite,3
622.jpeg,garfo,1,verniz,exterior,noite,1
623.jpeg,garfo,1,verniz,exterior,noite,2
624.jpeg,garfo,1,verniz,exterior,noite,3
625.jpeg,garfo,2,verniz,exterior,noite,1
626.jpeg,garfo,2,verniz,exterior,noite,2
627.jpeg,garfo,2,verniz,exterior,noite,3
628.jpeg,garfo,3,verniz,exterior,noite,1
629.jpeg,garfo,3,verniz,exterior,noite,2
630.jpeg,garfo,3,verniz,exterior,noite,3
631.jpeg,garfo,1,ceramica,exterior,noite,1
632.jpeg,garfo,1,ceramica,exterior,noite,2
633.jpeg,garfo,1,ceramica,exterior,noite,3
634.jpeg,garfo,2,ceramica,exterior,noite,1
635.jpeg,garfo,2,ceramica,exterior,noite,2
636.jpeg,garfo,2,ceramica,exterior,noite,3
637.jpeg,garfo,3,ceramica,exterior,noite,1
638.jpeg,garfo,3,ceramica,exterior,noite,2
639.jpeg,garfo,3,ceramica,exterior,noite,3
640.jpeg,garfo,1,concreto,exterior,noite,1
641.jpeg,garfo,1,concreto,exterior,noite,2
642.jpeg,garfo,1,concreto,exterior,noite,3
643.jpeg,garfo,2,concreto,exterior,noite,1
644.jpeg,garfo,2,concreto,exterior,noite,2
645.jpeg,garfo,2,concreto,exterior,noite,3
646.jpeg,garfo,3,concreto,exterior,noite,1
647.jpeg,garfo,3,concreto,exterior,noite,2
648.jpeg,garfo,3,concreto,exterior,noite,3
649.jpeg,isqueiro,1,preto,interior,noite,1
650.jpeg,isqueiro,1,preto,interior,noite,2
651.jpeg,isqueiro,1,preto,interior,noite,3
652.jpeg,isqueiro,2,preto,interior,noite,1
653.jpeg,isqueiro,2,preto,interior,noite,2
654.jpeg,isqueiro,2,preto,interior,noite,3
655.jpeg,isqueiro,3,preto,interior,noite,1
656.jpeg,isqueiro,3,preto,interior,noite,2
657.jpeg,isqueiro,3,preto,interior,noite,3
658.jpeg,isqueiro,1,azul,interior,noite,1
659.jpeg,isqueiro,1,azul,interior,noite,2
660.jpeg,isqueiro,1,azul,interior,noite,3
661.jpeg,isqueiro,2,azul,interior,noite,1
662.jpeg,isqueiro,2,azul,interior,noite,2
663.jpeg,isqueiro,2,azul,interior,noite,3
664.jpeg,isqueiro,3,azul,interior,noite,1
665.jpeg,isqueiro,3,azul,interior,noite,2
666.jpeg,isqueiro,3,azul,interior,noite,3
667.jpeg,isqueiro,1,prata,interior,noite,1
668.jpeg,isqueiro,1,prata,interior,noite,2
669.jpeg,isqueiro,1,prata,interior,noite,3
670.jpeg,isqueiro,2,prata,interior,noite,1
671.jpeg,isqueiro,2,prata,interior,noite,2
672.jpeg,isqueiro,2,prata,interior,noite,3
673.jpeg,isqueiro,3,prata,interior,noite,1
674.jpeg,isqueiro,3,prata,interior,noite,2
675.jpeg,isqueiro,3,prata,interior,noite,3
676.jpeg,isqueiro,1,verniz,exterior,noite,1
677.jpeg,isqueiro,1,verniz,exterior,noite,2
678.jpeg,isqueiro,1,verniz,exterior,noite,3
679.jpeg,isqueiro,2,verniz,exterior,noite,1
680.jpeg,isqueiro,2,verniz,exterior,noite,2
681.jpeg,isqueiro,2,verniz,exterior,noite,3
682.jpeg,isqueiro,3,verniz,exterior,noite,1
683.jpeg,isqueiro,3,verniz,exterior,noite,2
684.jpeg,isqueiro,3,verniz,exterior,noite,3
685.jpeg,isqueiro,1,ceramica,exterior,noite,1
686.jpeg,isqueiro,1,ceramica,exterior,noite,2
687.jpeg,isqueiro,1,ceramica,exterior,noite,3
688.jpeg,isqueiro,2,ceramica,exterior,noite,1
689.jpeg,isqueiro,2,ceramica,exterior,noite,2
690.jpeg,isqueiro,2,ceramica,exterior,noite,3
691.jpeg,isqueiro,3,ceramica,exterior,noite,1
692.jpeg,isqueiro,3,ceramica,exterior,noite,2
693.jpeg,isqueiro,3,ceramica,exterior,noite,3
694.jpeg,isqueiro,1,concreto,exterior,noite,1
695.jpeg,isqueiro,1,concreto,exterior,noite,2
696.jpeg,isqueiro,1,concreto,exterior,noite,3
697.jpeg,isqueiro,2,concreto,exterior,noite,1
698.jpeg,isqueiro,2,concreto,exterior,noite,2
699.jpeg,isqueiro,2,concreto,exterior,noite,3
700.jpeg,isqueiro,3,concreto,exterior,noite,1
701.jpeg,isqueiro,3,concreto,exterior,noite,2
702.jpeg,isqueiro,3,concreto,exterior,noite,3
703.jpeg,faca,1,preto,interior,noite,1
704.jpeg,faca,1,preto,interior,noite,2
705.jpeg,faca,1,preto,interior,noite,3
706.jpeg,faca,2,preto,interior,noite,1
707.jpeg,faca,2,preto,interior,noite,2
708.jpeg,faca,2,preto,interior,noite,3
709.jpeg,faca,3,preto,interior,noite,1
710.jpeg,faca,3,preto,interior,noite,2
711.jpeg,faca,3,preto,interior,noite,3
712.jpeg,faca,1,azul,interior,noite,1
713.jpeg,faca,1,azul,interior,noite,2
714.jpeg,faca,1,azul,interior,noite,3
715.jpeg,faca,2,azul,interior,noite,1
716.jpeg,faca,2,azul,interior,noite,2
717.jpeg,faca,2,azul,interior,noite,3
718.jpeg,faca,3,azul,interior,noite,1
719.jpeg,faca,3,azul,interior,noite,2
720.jpeg,faca,3,azul,interior,noite,3
721.jpeg,faca,1,prata,interior,noite,1
722.jpeg,faca,1,prata,interior,noite,2
723.jpeg,faca,1,prata,interior,noite,3
724.jpeg,faca,2,prata,interior,noite,1
725.jpeg,faca,2,prata,interior,noite,2
726.jpeg,faca,2,prata,interior,noite,3
727.jpeg,faca,3,prata,interior,noite,1
728.jpeg,faca,3,prata,interior,noite,2
729.jpeg,faca,3,prata,interior,noite,3
730.jpeg,faca,1,verniz,exterior,noite,1
731.jpeg,faca,1,verniz,exterior,noite,2
732.jpeg,faca,1,verniz,exterior,noite,3
733.jpeg,faca,2,verniz,exterior,noite,1
734.jpeg,faca,2,verniz,exterior,noite,2
735.jpeg,faca,2,verniz,exterior,noite,3
736.jpeg,faca,3,verniz,exterior,noite,1
737.jpeg,faca,3,verniz,exterior,noite,2
738.jpeg,faca,3,verniz,exterior,noite,3
739.jpeg,faca,1,ceramica,exterior,noite,1
740.jpeg,faca,1,ceramica,exterior,noite,2
741.jpeg,faca,1,ceramica,exterior,noite,3
742.jpeg,faca,2,ceramica,exterior,noite,1
743.jpeg,faca,2,ceramica,exterior,noite,2
744.jpeg,faca,2,ceramica,exterior,noite,3
745.jpeg,faca,3,ceramica,exterior,noite,1
746.jpeg,faca,3,ceramica,exterior,noite,2
747.jpeg,faca,3,ceramica,exterior,noite,3
748.jpeg,faca,1,concreto,exterior,noite,1
749.jpeg,faca,1,concreto,exterior,noite,2
750.jpeg,faca,1,concreto,exterior,noite,3
751.jpeg,faca,2,concreto,exterior,noite,1
752.jpeg,faca,2,concreto,exterior,noite,2
753.jpeg,faca,2,concreto,exterior,noite,3
754.jpeg,faca,3,concreto,exterior,noite,1
755.jpeg,faca,3,concreto,exterior,noite,2
756.jpeg,faca,3,concreto,exterior,noite,3
757.jpeg,xicara,1,preto,interior,noite,1
758.jpeg,xicara,1,preto,interior,noite,2
759.jpeg,xicara,1,preto,interior,noite,3
760.jpeg,xicara,2,preto,interior,noite,1
761.jpeg,xicara,2,preto,interior,noite,2
762.jpeg,xicara,2,preto,interior,noite,3
763.jpeg,xicara,3,preto,interior,noite,1
764.jpeg,xicara,3,preto,interior,noite,2
765.jpeg,xicara,3,preto,interior,noite,3
766.jpeg,xicara,1,azul,interior,noite,1
767.jpeg,xicara,1,azul,interior,noite,2
768.jpeg,xicara,1,azul,interior,noite,3
769.jpeg,xicara,2,azul,interior,noite,1
770.jpeg,xicara,2,azul,interior,noite,2
771.jpeg,xicara,2,azul,interior,noite,3
772.jpeg,xicara,3,azul,interior,noite,1
773.jpeg,xicara,3,azul,interior,noite,2
774.jpeg,xicara,3,azul,interior,noite,3
775.jpeg,xicara,1,prata,interior,noite,1
776.jpeg,xicara,1,prata,interior,noite,2
777.jpeg,xicara,1,prata,interior,noite,3
778.jpeg,xicara,2,prata,interior,noite,1
779.jpeg,xicara,2,prata,interior,noite,2
780.jpeg,xicara,2,prata,interior,noite,3
781.jpeg,xicara,3,prata,interior,noite,1
782.jpeg,xicara,3,prata,interior,noite,2
783.jpeg,xicara,3,prata,interior,noite,3
784.jpeg,xicara,1,verniz,exterior,noite,1
785.jpeg,xicara,1,verniz,exterior,noite,2
786.jpeg,xicara,1,verniz,exterior,noite,3
787.jpeg,xicara,2,verniz,exterior,noite,1
788.jpeg,xicara,2,verniz,exterior,noite,2
789.jpeg,xicara,2,verniz,exterior,noite,3
790.jpeg,xicara,3,verniz,exterior,noite,1
791.jpeg,xicara,3,verniz,exterior,noite,2
792.jpeg,xicara,3,verniz,exterior,noite,3
793.jpeg,xicara,1,ceramica,exterior,noite,1
794.jpeg,xicara,1,ceramica,exterior,noite,2
795.jpeg,xicara,1,ceramica,exterior,noite,3
796.jpeg,xicara,2,ceramica,exterior,noite,1
797.jpeg,xicara,2,ceramica,exterior,noite,2
798.jpeg,xicara,2,ceramica,exterior,noite,3
799.jpeg,xicara,3,ceramica,exterior,noite,1
800.jpeg,xicara,3,ceramica,exterior,noite,2
801.jpeg,xicara,3,ceramica,exterior,noite,3
802.jpeg,xicara,1,concreto,exterior,noite,1
803.jpeg,xicara,1,concreto,exterior,noite,2
804.jpeg,xicara,1,concreto,exterior,noite,3
805.jpeg,xicara,2,concreto,exterior,noite,1
806.jpeg,xicara,2,concreto,exterior,noite,2
807.jpeg,xicara,2,concreto,exterior,noite,3
808.jpeg,xicara,3,concreto,exterior,noite,1
809.jpeg,xicara,3,concreto,exterior,noite,2
810.jpeg,xicara,3,concreto,exterior,noite,3
811.jpeg,chave,1,preto,interior,dia,1
812.jpeg,chave,1,preto,interior,dia,2
813.jpeg,chave,1,preto,interior,dia,3
814.jpeg,chave,2,preto,interior,dia,1
815.jpeg,chave,2,preto,interior,dia,2
816.jpeg,chave,2,preto,interior,dia,3
817.jpeg,chave,3,preto,interior,dia,1
818.jpeg,chave,3,preto,interior,dia,2
819.jpeg,chave,3,preto,interior,dia,3
820.jpeg,chave,1,azul,interior,dia,1
821.jpeg,chave,1,azul,interior,dia,2
822.jpeg,chave,1,azul,interior,dia,3
823.jpeg,chave,2,azul,interior,dia,1
824.jpeg,chave,2,azul,interior,dia,2
825.jpeg,chave,2,azul,interior,dia,3
826.jpeg,chave,3,azul,interior,dia,1
827.jpeg,chave,3,azul,interior,dia,2
828.jpeg,chave,3,azul,interior,dia,3
829.jpeg,chave,1,prata,interior,dia,1
830.jpeg,chave,1,prata,interior,dia,2
831.jpeg,chave,1,prata,interior,dia,3
832.jpeg,chave,2,prata,interior,dia,1
833.jpeg,chave,2,prata,interior,dia,2
834.jpeg,chave,2,prata,interior,dia,3
835.jpeg,chave,3,prata,interior,dia,1
836.jpeg,chave,3,prata,interior,dia,2
837.jpeg,chave,3,prata,interior,dia,3
838.jpeg,chave,1,verniz,exterior,dia,1
839.jpeg,chave,1,verniz,exterior,dia,2
840.jpeg,chave,1,verniz,exterior,dia,3
841.jpeg,chave,2,verniz,exterior,dia,1
842.jpeg,chave,2,verniz,exterior,dia,2
843.jpeg,chave,2,verniz,exterior,dia,3
844.jpeg,chave,3,verniz,exterior,dia,1
845.jpeg,chave,3,verniz,exterior,dia,2
846.jpeg,chave,3,verniz,exterior,dia,3
847.jpeg,chave,1,ceramica,exterior,dia,1
848.jpeg,chave,1,ceramica,exterior,dia,2
849.jpeg,chave,1,ceramica,exterior,dia,3
850.jpeg,chave,2,ceramica,exterior,dia,1
851.jpeg,chave,2,ceramica,exterior,dia,2
852.jpeg,chave,2,ceramica,exterior,dia,3
853.jpeg,chave,3,ceramica,exterior,dia,1
854.jpeg,chave,3,ceramica,exterior,dia,2
855.jpeg,chave,3,ceramica,exterior,dia,3
856.jpeg,chave,1,concreto,exterior,dia,1
857.jpeg,chave,1,concreto,exterior,dia,2
858.jpeg,chave,1,concreto,exterior,dia,3
859.jpeg,chave,2,concreto,exterior,dia,1
860.jpeg,chave,2,concreto,exterior,dia,2
861.jpeg,chave,2,concreto,exterior,dia,3
862.jpeg,chave,3,concreto,exterior,dia,1
863.jpeg,chave,3,concreto,exterior,dia,2
864.jpeg,chave,3,concreto,exterior,dia,3
865.jpeg,garfo,1,preto,interior,dia,1
866.jpeg,garfo,1,preto,interior,dia,2
867.jpeg,garfo,1,preto,interior,dia,3
868.jpeg,garfo,2,preto,interior,dia,1
869.jpeg,garfo,2,preto,interior,dia,2
870.jpeg,garfo,2,preto,interior,dia,3
871.jpeg,garfo,3,preto,interior,dia,1
872.jpeg,garfo,3,preto,interior,dia,2
873.jpeg,garfo,3,preto,interior,dia,3
874.jpeg,garfo,1,azul,interior,dia,1
875.jpeg,garfo,1,azul,interior,dia,2
876.jpeg,garfo,1,azul,interior,dia,3
877.jpeg,garfo,2,azul,interior,dia,1
878.jpeg,garfo,2,azul,interior,dia,2
879.jpeg,garfo,2,azul,interior,dia,3
880.jpeg,garfo,3,azul,interior,dia,1
881.jpeg,garfo,3,azul,interior,dia,2
882.jpeg,garfo,3,azul,interior,dia,3
883.jpeg,garfo,1,prata,interior,dia,1
884.jpeg,garfo,1,prata,interior,dia,2
885.jpeg,garfo,1,prata,interior,dia,3
886.jpeg,garfo,2,prata,interior,dia,1
887.jpeg,garfo,2,prata,interior,dia,2
888.jpeg,garfo,2,prata,interior,dia,3
889.jpeg,garfo,3,prata,interior,dia,1
890.jpeg,garfo,3,prata,interior,dia,2
891.jpeg,garfo,3,prata,interior,dia,3
892.jpeg,garfo,1,verniz,exterior,dia,1
893.jpeg,garfo,1,verniz,exterior,dia,2
894.jpeg,garfo,1,verniz,exterior,dia,3
895.jpeg,garfo,2,verniz,exterior,dia,1
896.jpeg,garfo,2,verniz,exterior,dia,2
897.jpeg,garfo,2,verniz,exterior,dia,3
898.jpeg,garfo,3,verniz,exterior,dia,1
899.jpeg,garfo,3,verniz,exterior,dia,2
900.jpeg,garfo,3,verniz,exterior,dia,3
901.jpeg,garfo,1,ceramica,exterior,dia,1
902.jpeg,garfo,1,ceramica,exterior,dia,2
903.jpeg,garfo,1,ceramica,exterior,dia,3
904.jpeg,garfo,2,ceramica,exterior,dia,1
905.jpeg,garfo,2,ceramica,exterior,dia,2
906.jpeg,garfo,2,ceramica,exterior,dia,3
907.jpeg,garfo,3,ceramica,exterior,dia,1
908.jpeg,garfo,3,ceramica,exterior,dia,2
909.jpeg,garfo,3,ceramica,exterior,dia,3
910.jpeg,garfo,1,concreto,exterior,dia,1
911.jpeg,garfo,1,concreto,exterior,dia,2
912.jpeg,garfo,1,concreto,exterior,dia,3
913.jpeg,garfo,2,concreto,exterior,dia,1
914.jpeg,garfo,2,concreto,exterior,dia,2
915.jpeg,garfo,2,concreto,exterior,dia,3
916.jpeg,garfo,3,concreto,exterior,dia,1
917.jpeg,garfo,3,concreto,exterior,dia,2
918.jpeg,garfo,3,concreto,exterior,dia,3
919.jpeg,isqueiro,1,preto,interior,dia,1
920.jpeg,isqueiro,1,preto,interior,dia,2
921.jpeg,isqueiro,1,preto,interior,dia,3
922.jpeg,isqueiro,2,preto,interior,dia,1
923.jpeg,isqueiro,2,preto,interior,dia,2
924.jpeg,isqueiro,2,preto,interior,dia,3
925.jpeg,isqueiro,3,preto,interior,dia,1
926.jpeg,isqueiro,3,preto,interior,dia,2
927.jpeg,isqueiro,3,preto,interior,dia,3
928.jpeg,isqueiro,1,azul,interior,dia,1
929.jpeg,isqueiro,1,azul,interior,dia,2
930.jpeg,isqueiro,1,azul,interior,dia,3
931.jpeg,isqueiro,2,azul,interior,dia,1
932.jpeg,isqueiro,2,azul,interior,dia,2
933.jpeg,isqueiro,2,azul,interior,dia,3
934.jpeg,isqueiro,3,azul,interior,dia,1
935.jpeg,isqueiro,3,azul,interior,dia,2
936.jpeg,isqueiro,3,azul,interior,dia,3
937.jpeg,isqueiro,1,prata,interior,dia,1
938.jpeg,isqueiro,1,prata,interior,dia,2
939.jpeg,isqueiro,1,prata,interior,dia,3
940.jpeg,isqueiro,2,prata,interior,dia,1
941.jpeg,isqueiro,2,prata,interior,dia,2
942.jpeg,isqueiro,2,prata,interior,dia,3
943.jpeg,isqueiro,3,prata,interior,dia,1
944.jpeg,isqueiro,3,prata,interior,dia,2
945.jpeg,isqueiro,3,prata,interior,dia,3
946.jpeg,isqueiro,1,verniz,exterior,dia,1
947.jpeg,isqueiro,1,verniz,exterior,dia,2
948.jpeg,isqueiro,1,verniz,exterior,dia,3
949.jpeg,isqueiro,2,verniz,exterior,dia,1
950.jpeg,isqueiro,2,verniz,exterior,dia,2
951.jpeg,isqueiro,2,verniz,exterior,dia,3
952.jpeg,isqueiro,3,verniz,exterior,dia,1
953.jpeg,isqueiro,3,verniz,exterior,dia,2
954.jpeg,isqueiro,3,verniz,exterior,dia,3
955.jpeg,isqueiro,1,ceramica,exterior,dia,1
956.jpeg,isqueiro,1,ceramica,exterior,dia,2
957.jpeg,isqueiro,1,ceramica,exterior,dia,3
958.jpeg,isqueiro,2,ceramica,exterior,dia,1
959.jpeg,isqueiro,2,ceramica,exterior,dia,2
960.jpeg,isqueiro,2,ceramica,exterior,dia,3
961.jpeg,isqueiro,3,ceramica,exterior,dia,1
962.jpeg,isqueiro,3,ceramica,exterior,dia,2
963.jpeg,isqueiro,3,ceramica,exterior,dia,3
964.jpeg,isqueiro,1,concreto,exterior,dia,1
965.jpeg,isqueiro,1,concreto,exterior,dia,2
966.jpeg,isqueiro,1,concreto,exterior,dia,3
967.jpeg,isqueiro,2,concreto,exterior,dia,1
968.jpeg,isqueiro,2,concreto,exterior,dia,2
969.jpeg,isqueiro,2,concreto,exterior,dia,3
970.jpeg,isqueiro,3,concreto,exterior,dia,1
971.jpeg,isqueiro,3,concreto,exterior,dia,2
972.jpeg,isqueiro,3,concreto,exterior,dia,3
973.jpeg,faca,1,preto,interior,dia,1
974.jpeg,faca,1,preto,interior,dia,2
975.jpeg,faca,1,preto,interior,dia,3
976.jpeg,faca,2,preto,interior,dia,1
977.jpeg,faca,2,preto,interior,dia,2
978.jpeg,faca,2,preto,interior,dia,3
979.jpeg,faca,3,preto,interior,dia,1
980.jpeg,faca,3,preto,interior,dia,2
981.jpeg,faca,3,preto,interior,dia,3
982.jpeg,faca,1,azul,interior,dia,1
983.jpeg,faca,1,azul,interior,dia,2
984.jpeg,faca,1,azul,interior,dia,3
985.jpeg,faca,2,azul,interior,dia,1
986.jpeg,faca,2,azul,interior,dia,2
987.jpeg,faca,2,azul,interior,dia,3
988.jpeg,faca,3,azul,interior,dia,1
989.jpeg,faca,3,azul,interior,dia,2
990.jpeg,faca,3,azul,interior,dia,3
991.jpeg,faca,1,prata,interior,dia,1
992.jpeg,faca,1,prata,interior,dia,2
993.jpeg,faca,1,prata,interior,dia,3
994.jpeg,faca,2,prata,interior,dia,1
995.jpeg,faca,2,prata,interior,dia,2
996.jpeg,faca,2,prata,interior,dia,3
997.jpeg,faca,3,prata,interior,dia,1
998.jpeg,faca,3,prata,interior,dia,2
999.jpeg,faca,3,prata,interior,dia,3
1000.jpeg,faca,1,verniz,exterior,dia,1
1001.jpeg,faca,1,verniz,exterior,dia,2
1002.jpeg,faca,1,verniz,exterior,dia,3
1003.jpeg,faca,2,verniz,exterior,dia,1
1004.jpeg,faca,2,verniz,exterior,dia,2
1005.jpeg,faca,2,verniz,exterior,dia,3
1006.jpeg,faca,3,verniz,exterior,dia,1
1007.jpeg,faca,3,verniz,exterior,dia,2
1008.jpeg,faca,3,verniz,exterior,dia,3
1009.jpeg,faca,1,ceramica,exterior,dia,1
1010.jpeg,faca,1,ceramica,exterior,dia,2
1011.jpeg,faca,1,ceramica,exterior,dia,3
1012.jpeg,faca,2,ceramica,exterior,dia,1
1013.jpeg,faca,2,ceramica,exterior,dia,2
1014.jpeg,faca,2,ceramica,exterior,dia,3
1015.jpeg,faca,3,ceramica,exterior,dia,1
1016.jpeg,faca,3,ceramica,exterior,dia,2
1017.jpeg,faca,3,ceramica,exterior,dia,3
1018.jpeg,faca,1,concreto,exterior,dia,1
1019.jpeg,faca,1,concreto,exterior,dia,2
1020.jpeg,faca,1,concreto,exterior,dia,3
1021.jpeg,faca,2,concreto,exterior,dia,1
1022.jpeg,faca,2,concreto,exterior,dia,2
1023.jpeg,faca,2,concreto,exterior,dia,3
1024.jpeg,faca,3,concreto,exterior,dia,1
1025.jpeg,faca,3,concreto,exterior,dia,2
1026.jpeg,faca,3,concreto,exterior,dia,3
1027.jpeg,xicara,1,preto,interior,dia,1
1028.jpeg,xicara,1,preto,interior,dia,2
1029.jpeg,xicara,1,preto,interior,dia,3
1030.jpeg,xicara,2,preto,interior,dia,1
1031.jpeg,xicara,2,preto,interior,dia,2
1032.jpeg,xicara,2,preto,interior,dia,3
1033.jpeg,xicara,3,preto,interior,dia,1
1034.jpeg,xicara,3,preto,interior,dia,2
1035.jpeg,xicara,3,preto,interior,dia,3
1036.jpeg,xicara,1,azul,interior,dia,1
1037.jpeg,xicara,1,azul,interior,dia,2
1038.jpeg,xicara,1,azul,interior,dia,3
1039.jpeg,xicara,2,azul,interior,dia,1
1040.jpeg,xicara,2,azul,interior,dia,2
1041.jpeg,xicara,2,azul,interior,dia,3
1042.jpeg,xicara,3,azul,interior,dia,1
1043.jpeg,xicara,3,azul,interior,dia,2
1044.jpeg,xicara,3,azul,interior,dia,3
1045.jpeg,xicara,1,prata,interior,dia,1
1046.jpeg,xicara,1,prata,interior,dia,2
1047.jpeg,xicara,1,prata,interior,dia,3
1048.jpeg,xicara,2,prata,interior,dia,1
1049.jpeg,xicara,2,prata,interior,dia,2
1050.jpeg,xicara,2,prata,interior,dia,3
1051.jpeg,xicara,3,prata,interior,dia,1
1052.jpeg,xicara,3,prata,interior,dia,2
1053.jpeg,xicara,3,prata,interior,dia,3
1054.jpeg,xicara,1,verniz,exterior,dia,1
1055.jpeg,xicara,1,verniz,exterior,dia,2
1056.jpeg,xicara,1,verniz,exterior,dia,3
1057.jpeg,xicara,2,verniz,exterior,dia,1
1058.jpeg,xicara,2,verniz,exterior,dia,2
1059.jpeg,xicara,2,verniz,exterior,dia,3
1060.jpeg,xicara,3,verniz,exterior,dia,1
1061.jpeg,xicara,3,verniz,exterior,dia,2
1062.jpeg,xicara,3,verniz,exterior,dia,3
1063.jpeg,xicara,1,ceramica,exterior,dia,1
1064.jpeg,xicara,1,ceramica,exterior,dia,2
1065.jpeg,xicara,1,ceramica,exterior,dia,3
1066.jpeg,xicara,2,ceramica,exterior,dia,1
1067.jpeg,xicara,2,ceramica,exterior,dia,2
1068.jpeg,xicara,2,ceramica,exterior,dia,3
1069.jpeg,xicara,3,ceramica,exterior,dia,1
1070.jpeg,xicara,3,ceramica,exterior,dia,2
1071.jpeg,xicara,3,ceramica,exterior,dia,3
1072.jpeg,xicara,1,concreto,exterior,dia,1
1073.jpeg,xicara,1,concreto,exterior,dia,2
1074.jpeg,xicara,1,concreto,exterior,dia,3
1075.jpeg,xicara,2,concreto,exterior,dia,1
1076.jpeg,xicara,2,concreto,exterior,dia,2
1077.jpeg,xicara,2,concreto,exterior,dia,3
1078.jpeg,xicara,3,concreto,exterior,dia,1
1079.jpeg,xicara,3,concreto,exterior,dia,2
1080.jpeg,xicara,3,concreto,exterior,dia,3